1,https://a2.muscache.com/im/pictures/9d2459d5-ca82-4ccf-b025-193d49e6fc9e.jpg?aki_policy=large,1
2,https://a2.muscache.com/im/pictures/3726439/e4e357b6_original.jpg?aki_policy=large,1
3,https://a0.muscache.com/im/pictures/22669419/57c49249_original.jpg?aki_policy=large,1
4,https://a2.muscache.com/im/pictures/2dd17a35-5d52-4aa3-8de1-d7d040a0bd5e.jpg?aki_policy=large,1
5,https://a0.muscache.com/im/pictures/17730638/4f5395df_original.jpg?aki_policy=large,2
6,https://a0.muscache.com/im/pictures/85280363/8de50183_original.jpg?aki_policy=large,2
7,https://a2.muscache.com/im/pictures/2d71c98a-5073-43de-9e6d-c1558f4a640d.jpg?aki_policy=large,2
8,https://a2.muscache.com/im/pictures/70939206/12d1f063_original.jpg?aki_policy=large,2
9,https://a1.muscache.com/im/pictures/16041990/1a737313_original.jpg?aki_policy=large,3
10,https://a1.muscache.com/im/pictures/89680687/aa93f8c6_original.jpg?aki_policy=large,3
11,https://a2.muscache.com/im/pictures/10017042/6894aaff_original.jpg?aki_policy=large,3
12,https://a2.muscache.com/im/pictures/95301278/65fdb41e_original.jpg?aki_policy=large,3
13,https://a2.muscache.com/im/pictures/dd81f4ad-5b9a-4280-827d-4b45afbb5245.jpg?aki_policy=large,4
14,https://a1.muscache.com/im/pictures/11273049/78f70061_original.jpg?aki_policy=large,4
15,https://a1.muscache.com/im/pictures/10349365/46e42289_original.jpg?aki_policy=large,4
16,https://a2.muscache.com/im/pictures/d8433af0-fc71-4e85-bead-32a30de635f4.jpg?aki_policy=large,4
17,https://a2.muscache.com/im/pictures/10886815/3941d527_original.jpg?aki_policy=large,5
18,https://a1.muscache.com/im/pictures/86832250/f774e788_original.jpg?aki_policy=large,5
19,https://a1.muscache.com/im/pictures/79970647/b0781404_original.jpg?aki_policy=large,5
20,https://a2.muscache.com/im/pictures/33ac053c-a60e-4f73-ab93-c6ee23aea101.jpg?aki_policy=large,5
21,https://a2.muscache.com/im/pictures/bda55784-efc5-4b49-8475-6582680740e7.jpg?aki_policy=large,6
22,https://a2.muscache.com/im/pictures/f6d37ac5-1511-4a0b-93e1-07c4d7804706.jpg?aki_policy=large,6
23,https://a2.muscache.com/im/pictures/0a40cb6a-2a4c-4a25-bbf4-1efac6e6748b.jpg?aki_policy=large,6
24,https://a2.muscache.com/im/pictures/a21c4126-aafd-4127-9c29-b2b09eef16b4.jpg?aki_policy=large,6
25,https://a2.muscache.com/im/pictures/cb235ed0-66b6-4e23-8b32-9ef6bf35e9fb.jpg?aki_policy=large,7
26,https://a0.muscache.com/im/pictures/10459153/f057ec7e_original.jpg?aki_policy=large,7
27,https://a2.muscache.com/im/pictures/e9534b6e-66d5-47f0-ba58-cc4b1f4921a8.jpg?aki_policy=large,7
28,https://a2.muscache.com/im/pictures/3caadad8-d70a-46fa-ab9c-abb69211b0de.jpg?aki_policy=large,7
29,https://a2.muscache.com/im/pictures/7b6456f7-5439-4ad1-beeb-0921ac8f701f.jpg?aki_policy=large,8
30,https://a2.muscache.com/im/pictures/085498dc-6389-4594-9169-e5135e8b90cc.jpg?aki_policy=large,8
31,https://a2.muscache.com/im/pictures/a162e1dd-2167-43c7-8a83-6a7a9c88e111.jpg?aki_policy=large,8
32,https://a2.muscache.com/im/pictures/c4a03580-1f85-4387-ab05-014bbdaa85ce.jpg?aki_policy=large,8
33,https://a2.muscache.com/im/pictures/3bb1ba3f-c230-438b-b83d-a844b341b7f2.jpg?aki_policy=large,9
34,https://a2.muscache.com/im/pictures/79f580d5-6dc6-4998-a900-bc4fb6f64b80.jpg?aki_policy=large,9
35,https://a2.muscache.com/im/pictures/8f998b61-f52a-465c-9c99-8505a13324bd.jpg?aki_policy=large,9
36,https://a2.muscache.com/im/pictures/47564bae-e7fc-48ff-956d-9ce3d2dbfdb0.jpg?aki_policy=large,9
37,https://a0.muscache.com/im/pictures/93159365/7f701328_original.jpg?aki_policy=large,10
38,https://a1.muscache.com/im/pictures/28382218/03ffe38b_original.jpg?aki_policy=large,10
39,https://a2.muscache.com/im/pictures/108022507/74c51d08_original.jpg?aki_policy=large,10
40,https://a2.muscache.com/im/pictures/35378478/30b4c865_original.jpg?aki_policy=large,10
41,https://a2.muscache.com/im/pictures/665e5131-39ac-4b56-9559-65c8a6dd32ba.jpg?aki_policy=large,11
42,https://a2.muscache.com/im/pictures/640a2f8f-2604-44de-a706-078f94d225b6.jpg?aki_policy=large,11
43,https://a1.muscache.com/im/pictures/18935716/e7db279c_original.jpg?aki_policy=large,11
44,https://a2.muscache.com/im/pictures/55868006/a7f0224e_original.jpg?aki_policy=large,11
45,https://a2.muscache.com/im/pictures/38116640/70660666_original.jpg?aki_policy=large,12
46,https://a2.muscache.com/im/pictures/df820899-bd61-4041-9bdc-b8e8c2d609fa.jpg?aki_policy=large,12
47,https://a2.muscache.com/im/pictures/ad16917f-e740-4c72-883c-b7b30276b3b8.jpg?aki_policy=large,12
48,https://a2.muscache.com/im/pictures/82793337/3123189f_original.jpg?aki_policy=large,12
49,https://a0.muscache.com/im/pictures/15728489/a4f17da0_original.jpg?aki_policy=large,13
50,https://a2.muscache.com/im/pictures/45162665/5f80729a_original.jpg?aki_policy=large,13
51,https://a2.muscache.com/im/pictures/f3eeb1f0-6dcd-41fc-b806-c261a801940a.jpg?aki_policy=large,13
52,https://a2.muscache.com/im/pictures/ffefa510-7bcd-413b-be3b-c7d8ed07d13c.jpg?aki_policy=large,13
53,https://a1.muscache.com/im/pictures/45161871/98290ce1_original.jpg?aki_policy=large,14
54,https://a2.muscache.com/im/pictures/88c50462-d385-485b-9037-45eb052e2bcd.jpg?aki_policy=large,14
55,https://a2.muscache.com/im/pictures/c5bae38a-7242-495a-b6f1-0686f96b740d.jpg?aki_policy=large,14
56,https://a0.muscache.com/im/pictures/73881345/1094d0f5_original.jpg?aki_policy=large,14
57,https://a1.muscache.com/im/pictures/76605535/e486b51a_original.jpg?aki_policy=large,15
58,https://a2.muscache.com/im/pictures/10017956/38f38d0e_original.jpg?aki_policy=large,15
59,https://a2.muscache.com/im/pictures/0ac177ed-02b9-42f7-b1a8-2eab5d546b96.jpg?aki_policy=large,15
60,https://a1.muscache.com/im/pictures/99477788/edb8712a_original.jpg?aki_policy=large,15
61,https://a2.muscache.com/im/pictures/2ab5ae0c-870d-4d23-b50a-ce07d087ef5f.jpg?aki_policy=large,16
62,https://a2.muscache.com/im/pictures/88550776/60f1121e_original.jpg?aki_policy=large,16
63,https://a2.muscache.com/im/pictures/c65405f6-3100-4879-9233-d63e85014fb5.jpg?aki_policy=large,16
64,https://a1.muscache.com/im/pictures/70236951/57efe57f_original.jpg?aki_policy=large,16
65,https://a0.muscache.com/im/pictures/46108641/4d455757_original.jpg?aki_policy=large,17
66,https://a1.muscache.com/im/pictures/36551170/c9193c85_original.jpg?aki_policy=large,17
67,https://a2.muscache.com/im/pictures/6a12d950-048a-4fe9-af8f-8901f87b4c16.jpg?aki_policy=large,17
68,https://a1.muscache.com/im/pictures/50883570/6c4d7d29_original.jpg?aki_policy=large,17
69,https://a2.muscache.com/im/pictures/3535194d-e069-457b-836a-14dbe9d72faa.jpg?aki_policy=large,18
70,https://a2.muscache.com/im/pictures/921b1478-649c-4545-81b2-8424541f1609.jpg?aki_policy=large,18
71,https://a1.muscache.com/im/pictures/93234024/527f3507_original.jpg?aki_policy=large,18
72,https://a0.muscache.com/im/pictures/84962128/7fa8f819_original.jpg?aki_policy=large,18
73,https://a2.muscache.com/im/pictures/57324c7b-fda9-4789-860e-a9953dab668c.jpg?aki_policy=large,19
74,https://a2.muscache.com/im/pictures/f9f26cd9-1966-408d-ad31-8a3ce7135b60.jpg?aki_policy=large,19
75,https://a1.muscache.com/im/pictures/103072319/e8a87640_original.jpg?aki_policy=large,19
76,https://a2.muscache.com/im/pictures/ab07b905-226e-4c06-967a-c9f36b6a5a06.jpg?aki_policy=large,19
77,https://a0.muscache.com/im/pictures/70750214/4bca6029_original.jpg?aki_policy=large,20
78,https://a1.muscache.com/im/pictures/107590726/25c5240b_original.jpg?aki_policy=large,20
79,https://a2.muscache.com/im/pictures/a542fd6e-4796-4307-a864-0a39bf6e7beb.jpg?aki_policy=large,20
80,https://a2.muscache.com/im/pictures/47e200af-d152-4e36-a040-309f26766c56.jpg?aki_policy=large,20
81,https://a0.muscache.com/im/pictures/76107274/473c3401_original.jpg?aki_policy=large,21
82,https://a2.muscache.com/im/pictures/739817de-d8bf-49a3-9989-1bc9cdc626ce.jpg?aki_policy=large,21
83,https://a2.muscache.com/im/pictures/97965534/0f616241_original.jpg?aki_policy=large,21
84,https://a1.muscache.com/im/pictures/99791185/129820ae_original.jpg?aki_policy=large,21
85,https://a2.muscache.com/im/pictures/e9aa6da4-3204-49e3-8c83-6f0ffc44e868.jpg?aki_policy=large,22
86,https://a0.muscache.com/im/pictures/100790220/e0bf62dd_original.jpg?aki_policy=large,22
87,https://a2.muscache.com/im/pictures/0c3c4041-3753-4370-a3fa-6b47a8df438c.jpg?aki_policy=large,22
88,https://a1.muscache.com/im/pictures/16201013/24102af3_original.jpg?aki_policy=large,22
89,https://a2.muscache.com/im/pictures/6d3df73a-5eb0-4d89-ad80-18bbd1a293f4.jpg?aki_policy=large,23
90,https://a0.muscache.com/im/pictures/58541064/80563fb9_original.jpg?aki_policy=large,23
91,https://a2.muscache.com/im/pictures/b0213828-5dbd-4bc2-ad90-e5e842d4a900.jpg?aki_policy=large,23
92,https://a2.muscache.com/im/pictures/2d9da087-0ff0-4edc-9d56-b83286ac60f7.jpg?aki_policy=large,23
93,https://a2.muscache.com/im/pictures/22d8a386-1a4a-402b-af26-c1d927d53359.jpg?aki_policy=large,24
94,https://a2.muscache.com/im/pictures/663f766d-5a7d-4f9e-82c5-1899bd093c9d.jpg?aki_policy=large,24
95,https://a2.muscache.com/im/pictures/b420af20-0651-4498-9e03-8c0e1ca9fd24.jpg?aki_policy=large,24
96,https://a2.muscache.com/im/pictures/57517779/789f2403_original.jpg?aki_policy=large,24
97,https://a2.muscache.com/im/pictures/784e66df-ce7c-435b-ae35-c016d52b3354.jpg?aki_policy=large,25
98,https://a2.muscache.com/im/pictures/39eb02b0-35b8-48ce-af76-a36d178956d0.jpg?aki_policy=large,25
99,https://a0.muscache.com/im/pictures/101335837/87c8d774_original.jpg?aki_policy=large,25
100,https://a2.muscache.com/im/pictures/8c300bcf-ab63-4de2-b1e0-cb2c22849574.jpg?aki_policy=large,25
101,https://a2.muscache.com/im/pictures/7864ffce-b94d-48f4-82a8-a3b5a8b1b2c3.jpg?aki_policy=large,26
102,https://a0.muscache.com/im/pictures/47793675/5065e764_original.jpg?aki_policy=large,26
103,https://a2.muscache.com/im/pictures/e1b627b0-0759-45a4-9b9d-adcb88548653.jpg?aki_policy=large,26
104,https://a0.muscache.com/im/pictures/81798774/af2b76b2_original.jpg?aki_policy=large,26
105,https://a2.muscache.com/im/pictures/9c5647cf-0465-4c8c-afbb-c2d9c6bae700.jpg?aki_policy=large,27
106,https://a0.muscache.com/im/pictures/64368381/64276b02_original.jpg?aki_policy=large,27
107,https://a2.muscache.com/im/pictures/596a45a6-2b3c-4786-9340-c6f56f62c553.jpg?aki_policy=large,27
108,https://a2.muscache.com/im/pictures/0d5a27a7-fbd3-493e-bf8f-fc2e3350b7b5.jpg?aki_policy=large,27
109,https://a2.muscache.com/im/pictures/3cef9e2e-25a6-49c5-aa86-c705c5c7cc67.jpg?aki_policy=large,28
110,https://a2.muscache.com/im/pictures/c13e5ae7-7b09-42e3-b16f-331795400a93.jpg?aki_policy=large,28
111,https://a2.muscache.com/im/pictures/131ac432-b2ad-4979-8ac0-0728b9d54fcb.jpg?aki_policy=large,28
112,https://a2.muscache.com/im/pictures/108021213/850e1d73_original.jpg?aki_policy=large,28
113,https://a0.muscache.com/im/pictures/42406933/7f25f69b_original.jpg?aki_policy=large,29
114,https://a1.muscache.com/im/pictures/106184339/373343c2_original.jpg?aki_policy=large,29
115,https://a2.muscache.com/im/pictures/e844121d-6a56-4435-8fc7-a8e08d8d28a6.jpg?aki_policy=large,29
116,https://a0.muscache.com/im/pictures/18404155/acc9590a_original.jpg?aki_policy=large,29
117,https://a1.muscache.com/im/pictures/27672761/5e988c1a_original.jpg?aki_policy=large,30
118,https://a2.muscache.com/im/pictures/26896082/9ec8f6d9_original.jpg?aki_policy=large,30
119,https://a2.muscache.com/im/pictures/eb97919e-e0ec-4c07-94e9-1fefb61b77fe.jpg?aki_policy=large,30
120,https://a0.muscache.com/im/pictures/14236185/f3ec817d_original.jpg?aki_policy=large,30
121,https://a1.muscache.com/im/pictures/75408520/62270578_original.jpg?aki_policy=large,31
122,https://a1.muscache.com/im/pictures/59111085/0466629b_original.jpg?aki_policy=large,31
123,https://a2.muscache.com/im/pictures/38558327/774b1be0_original.jpg?aki_policy=large,31
124,https://a1.muscache.com/im/pictures/51843961/1720f017_original.jpg?aki_policy=large,31
125,https://a0.muscache.com/im/pictures/85565522/ae859fe6_original.jpg?aki_policy=large,32
126,https://a0.muscache.com/im/pictures/98083145/a82930bb_original.jpg?aki_policy=large,32
127,https://a2.muscache.com/im/pictures/0520b624-86ea-4443-9a29-1d2777e4705a.jpg?aki_policy=large,32
128,https://a1.muscache.com/im/pictures/68509119/4dc12529_original.jpg?aki_policy=large,32
129,https://a0.muscache.com/im/pictures/6960717/6ad8ccb7_original.jpg?aki_policy=large,33
130,https://a2.muscache.com/im/pictures/d360a8c2-d2c1-4a21-ad0a-a09a6a38edfb.jpg?aki_policy=large,33
131,https://a2.muscache.com/im/pictures/b2de49b7-f651-40a1-9552-d7c0829230b8.jpg?aki_policy=large,33
132,https://a2.muscache.com/im/pictures/61a99d3f-a7fb-46cc-866b-079e0e4013b5.jpg?aki_policy=large,33
133,https://a2.muscache.com/im/pictures/32409712/09cbfa76_original.jpg?aki_policy=large,34
134,https://a1.muscache.com/im/pictures/62908774/783c26a0_original.jpg?aki_policy=large,34
135,https://a2.muscache.com/im/pictures/508984/678a928d_original.jpg?aki_policy=large,34
136,https://a2.muscache.com/im/pictures/9cee336f-d0b3-44c9-aafc-97cbbf85cbf4.jpg?aki_policy=large,34
137,https://a1.muscache.com/im/pictures/105270917/a89a19b5_original.jpg?aki_policy=large,35
138,https://a0.muscache.com/im/pictures/55922923/efadb68a_original.jpg?aki_policy=large,35
139,https://a2.muscache.com/im/pictures/95da73ee-c245-4d7d-ad79-964b6c9c9311.jpg?aki_policy=large,35
140,https://a2.muscache.com/im/pictures/d03f85ad-5ab7-44cd-957b-db7817a12f95.jpg?aki_policy=large,35
141,https://a2.muscache.com/im/pictures/961682cd-6b44-4e2c-add3-5824f85605da.jpg?aki_policy=large,36
142,https://a1.muscache.com/im/pictures/95872487/417fef7e_original.jpg?aki_policy=large,36
143,https://a2.muscache.com/im/pictures/78655251/03f768cc_original.jpg?aki_policy=large,36
144,https://a1.muscache.com/im/pictures/48064268/0794ff1c_original.jpg?aki_policy=large,36
145,https://a1.muscache.com/im/pictures/79634148/a2c0c0f3_original.jpg?aki_policy=large,37
146,https://a2.muscache.com/im/pictures/65bc5e56-820e-4e3b-9d06-a556ee781fb1.jpg?aki_policy=large,37
147,https://a2.muscache.com/im/pictures/4ebf1bb6-5400-4dc0-a880-edb0da2a6b71.jpg?aki_policy=large,37
148,https://a2.muscache.com/im/pictures/27e2f037-dd25-4be8-8a43-608d1c343bb4.jpg?aki_policy=large,37
149,https://a0.muscache.com/im/pictures/83144936/c7b49324_original.jpg?aki_policy=large,38
150,https://a2.muscache.com/im/pictures/79971105/aa345f99_original.jpg?aki_policy=large,38
151,https://a2.muscache.com/im/pictures/69419fb8-1a6c-4037-8107-88277e1a68e7.jpg?aki_policy=large,38
152,https://a2.muscache.com/im/pictures/e09b5ed3-64d9-4280-b55e-2ccb8096a020.jpg?aki_policy=large,38
153,https://a2.muscache.com/im/pictures/ff29c88e-1573-4af6-abe9-62e9041bfbf1.jpg?aki_policy=large,39
154,https://a0.muscache.com/im/pictures/66666032/03d05897_original.jpg?aki_policy=large,39
155,https://a2.muscache.com/im/pictures/c9b75adc-de72-403b-81f7-038326f9656b.jpg?aki_policy=large,39
156,https://a2.muscache.com/im/pictures/b3a7721f-316a-4353-88ab-d0941097b5db.jpg?aki_policy=large,39
157,https://a2.muscache.com/im/pictures/e6ffb84e-b386-4b48-9b00-7d7e65ca1584.jpg?aki_policy=large,40
158,https://a0.muscache.com/im/pictures/50028440/69c3cba3_original.jpg?aki_policy=large,40
159,https://a2.muscache.com/im/pictures/29930609/14ae0630_original.jpg?aki_policy=large,40
160,https://a2.muscache.com/im/pictures/02d53187-1bb1-4502-8707-12669067b836.jpg?aki_policy=large,40
161,https://a2.muscache.com/im/pictures/a872c1dd-a80a-4672-a55f-decc8ef98d23.jpg?aki_policy=large,41
162,https://a2.muscache.com/im/pictures/24838024/b60c080b_original.jpg?aki_policy=large,41
163,https://a0.muscache.com/im/pictures/4153748/d7b1d374_original.jpg?aki_policy=large,41
164,https://a2.muscache.com/im/pictures/0c436496-7cce-4949-9934-b298d588b5c7.jpg?aki_policy=large,41
165,https://a2.muscache.com/im/pictures/6fbc7197-fef1-4b2b-a510-a05eaec41ad6.jpg?aki_policy=large,42
166,https://a2.muscache.com/im/pictures/617b1349-ce4c-4a5c-992a-5cdb73aadd4e.jpg?aki_policy=large,42
167,https://a2.muscache.com/im/pictures/65028753/cf942252_original.jpg?aki_policy=large,42
168,https://a2.muscache.com/im/pictures/48181636-9d3e-4245-8e20-9f850a7fe09f.jpg?aki_policy=large,42
169,https://a2.muscache.com/im/pictures/3a9ab559-4903-4c04-8ed6-fe96c10217d1.jpg?aki_policy=large,43
170,https://a1.muscache.com/im/pictures/65168372/2248298d_original.jpg?aki_policy=large,43
171,https://a2.muscache.com/im/pictures/c7598f78-6b95-422a-b4a4-489fe806804e.jpg?aki_policy=large,43
172,https://a0.muscache.com/im/pictures/42671192/d68d2e28_original.jpg?aki_policy=large,43
173,https://a2.muscache.com/im/pictures/853d4e1a-7f1b-4c62-93e3-45f4d01cbbbe.jpg?aki_policy=large,44
174,https://a2.muscache.com/im/pictures/c802abc7-1033-4834-aafd-994c13eb788b.jpg?aki_policy=large,44
175,https://a2.muscache.com/im/pictures/87937968/e01d4aec_original.jpg?aki_policy=large,44
176,https://a1.muscache.com/im/pictures/31278262/b7a473a8_original.jpg?aki_policy=large,44
177,https://a2.muscache.com/im/pictures/d73536b0-20e3-4409-b9ce-d78b863e0b62.jpg?aki_policy=large,45
178,https://a2.muscache.com/im/pictures/d8307c01-c1c6-40e2-b022-cdde12adf341.jpg?aki_policy=large,45
179,https://a2.muscache.com/im/pictures/9626eb1f-bbf0-4a58-8b32-435fd6180220.jpg?aki_policy=large,45
180,https://a2.muscache.com/im/pictures/cd544a2d-51ae-446f-9b01-528035cd0af8.jpg?aki_policy=large,45
181,https://a0.muscache.com/im/pictures/59806499/1304529d_original.jpg?aki_policy=large,46
182,https://a2.muscache.com/im/pictures/08f29b67-7bc8-4e4a-9c4c-adab0a07ae3f.jpg?aki_policy=large,46
183,https://a2.muscache.com/im/pictures/07be647a-15c6-4f5f-a6b5-a80a9a184554.jpg?aki_policy=large,46
184,https://a1.muscache.com/im/pictures/53174554/6e4c580c_original.jpg?aki_policy=large,46
185,https://a2.muscache.com/im/pictures/37236160/37dba892_original.jpg?aki_policy=large,47
186,https://a2.muscache.com/im/pictures/4b1c3628-de3e-4422-b9f1-3fc88bdf4d11.jpg?aki_policy=large,47
187,https://a2.muscache.com/im/pictures/0305eca8-b117-43c9-8cc0-fd59f593277d.jpg?aki_policy=large,47
188,https://a2.muscache.com/im/pictures/f53faaf0-7bf1-4ff0-a9c4-f94ab5eff86a.jpg?aki_policy=large,47
189,https://a2.muscache.com/im/pictures/2f58a92d-a8f6-439c-a3c9-0cf4d74f87cd.jpg?aki_policy=large,48
190,https://a2.muscache.com/im/pictures/97becbd8-98b4-486c-b0d6-3def15ee77a2.jpg?aki_policy=large,48
191,https://a2.muscache.com/im/pictures/9f912fe9-e617-4fd5-ac98-020a65dc8cdb.jpg?aki_policy=large,48
192,https://a1.muscache.com/im/pictures/75529948/91735074_original.jpg?aki_policy=large,48
193,https://a2.muscache.com/im/pictures/6f87f6d3-f78a-44ab-8ffb-2a3553f2ef73.jpg?aki_policy=large,49
194,https://a2.muscache.com/im/pictures/2502b3d9-78bf-40d0-a897-ff992b697e8f.jpg?aki_policy=large,49
195,https://a2.muscache.com/im/pictures/fdfc4604-506b-49e4-84ed-f62105feb802.jpg?aki_policy=large,49
196,https://a2.muscache.com/im/pictures/2d910ae6-91e8-4940-a731-9e6783e4c4b1.jpg?aki_policy=large,49
197,https://a2.muscache.com/im/pictures/a59160ae-f50b-4a12-a9b4-db35b4dadca8.jpg?aki_policy=large,50
198,https://a2.muscache.com/im/pictures/52898578/441030a7_original.jpg?aki_policy=large,50
199,https://a1.muscache.com/im/pictures/72230850/77e857cd_original.jpg?aki_policy=large,50
200,https://a2.muscache.com/im/pictures/4d7f3eeb-46ca-4700-9f97-93edb2771118.jpg?aki_policy=large,50